title,year,genre,tmdb_url,youtube_trailer_url,popularity,vote_count,original_language
Prisoner of War,2025,Action,https://www.themoviedb.org/movie/1328803,https://www.youtube.com/watch?v=mKFL8CMoCVk,72.2462,96,en
Mission: Impossible - The Final Reckoning,2025,Action,https://www.themoviedb.org/movie/575265,https://www.youtube.com/watch?v=G1VBfMCZVkw,95.2279,2014,en
The Toxic Avenger Unrated,2025,Action,https://www.themoviedb.org/movie/338969,https://www.youtube.com/watch?v=BO3tPsmx8_8,129.7551,150,en
Primitive War,2025,Action,https://www.themoviedb.org/movie/1257009,https://www.youtube.com/watch?v=zDRI8KlNGoY,96.166,138,en
Superman,2025,Action,https://www.themoviedb.org/movie/1061474,https://www.youtube.com/watch?v=MikgqM0LXr4,92.9576,3686,en
Jurassic World Rebirth,2025,Action,https://www.themoviedb.org/movie/1234821,https://www.youtube.com/watch?v=2ZhB-YO5Tnk,81.1028,2378,en
Marco,2024,Action,https://www.themoviedb.org/movie/1186350,https://www.youtube.com/watch?v=4VQdzTv8E-g,104.3495,78,ml
TRON: Ares,2025,Action,https://www.themoviedb.org/movie/533533,https://www.youtube.com/watch?v=gNa0j4mQo1k,81.463,311,en
Holy Night: Demon Hunters,2025,Action,https://www.themoviedb.org/movie/793387,https://www.youtube.com/watch?v=0l35oxLd1UI,119.341,60,ko
War 2,2025,Action,https://www.themoviedb.org/movie/1109086,https://www.youtube.com/watch?v=d1wsPSV_lQs,86.9266,37,hi
Chainsaw Man - The Movie: Reze Arc,2025,Action,https://www.themoviedb.org/movie/1218925,https://www.youtube.com/watch?v=GJ1jrCnm-t8,148.1042,82,ja
A Working Man,2025,Action,https://www.themoviedb.org/movie/1197306,https://www.youtube.com/watch?v=mdfrG2cLK58,35.2844,1614,en
Ballerina,2025,Action,https://www.themoviedb.org/movie/541671,https://www.youtube.com/watch?v=b9Rr9ygb-ac,46.7292,1907,en
F1,2025,Action,https://www.themoviedb.org/movie/911430,https://www.youtube.com/watch?v=ge_ABjtYx88,63.9117,2469,en
Ice Road: Vengeance,2025,Action,https://www.themoviedb.org/movie/1119878,https://www.youtube.com/watch?v=K6lJh9ADfbQ,41.6141,494,en
The Naked Gun,2025,Action,https://www.themoviedb.org/movie/1035259,https://www.youtube.com/watch?v=uLguU7WLreA,42.2496,984,en
Striking Rescue,2024,Action,https://www.themoviedb.org/movie/1382406,https://www.youtube.com/watch?v=uXfzJb-IUrk,33.9087,133,zh
Valiant One,2025,Action,https://www.themoviedb.org/movie/1009640,https://www.youtube.com/watch?v=rfXpM39HeZM,65.1843,63,en
M3GAN 2.0,2025,Action,https://www.themoviedb.org/movie/1071585,https://www.youtube.com/watch?v=1FeiTZMtwLA,41.0027,937,en
Ne Zha 2,2025,Action,https://www.themoviedb.org/movie/980477,https://www.youtube.com/watch?v=ETlOSBR92Fs,60.6735,422,zh
Deadpool & Wolverine,2024,Action,https://www.themoviedb.org/movie/533535,https://www.youtube.com/watch?v=Idh8n5XuYIA,32.8272,7867,en
Mantis,2025,Action,https://www.themoviedb.org/movie/1267319,https://www.youtube.com/watch?v=PItlVyrf15U,64.4221,91,ko
How to Train Your Dragon,2025,Action,https://www.themoviedb.org/movie/1087192,https://www.youtube.com/watch?v=OWEq2Pf8qpk,68.011,2096,en
One Battle After Another,2025,Action,https://www.themoviedb.org/movie/1054867,https://www.youtube.com/watch?v=kQUPdVxZNPk,60.9488,1030,en
Fight Another Day,2024,Action,https://www.themoviedb.org/movie/1053008,https://www.youtube.com/watch?v=vfzGdEv3EX0,46.3215,18,en
The Avengers,2012,Action,https://www.themoviedb.org/movie/24428,https://www.youtube.com/watch?v=hIR8Ar-Z4hw,49.4799,33676,en
The Maze Runner,2014,Action,https://www.themoviedb.org/movie/198663,https://www.youtube.com/watch?v=3b946aGm0zs,36.0945,17648,en
Avatar: The Way of Water,2022,Action,https://www.themoviedb.org/movie/76600,https://www.youtube.com/watch?v=o5F8MOz_IDw,32.5171,12989,en
Nobody 2,2025,Action,https://www.themoviedb.org/movie/1007734,https://www.youtube.com/watch?v=UGOvEad8qd4,57.1449,880,en
A Minecraft Movie,2025,Action,https://www.themoviedb.org/movie/950387,https://www.youtube.com/watch?v=aSh_L6bvaCQ,32.8534,2456,en
The Lord of the Rings: The Fellowship of the Ring,2001,Action,https://www.themoviedb.org/movie/120,https://www.youtube.com/watch?v=_nZdmwHrcnw,28.8382,26517,en
The Dark Knight,2008,Action,https://www.themoviedb.org/movie/155,https://www.youtube.com/watch?v=vbjYVETxZqM,32.0503,34603,en
Kaiju No. 8: Mission Recon,2025,Action,https://www.themoviedb.org/movie/1326106,https://www.youtube.com/watch?v=lIOzHtmC6r0,25.4746,71,ja
Avengers: Infinity War,2018,Action,https://www.themoviedb.org/movie/299536,https://www.youtube.com/watch?v=QwievZ1Tx-8,31.8757,31082,en
Fast X,2023,Action,https://www.themoviedb.org/movie/385687,https://www.youtube.com/watch?v=eoOaKN4qCKw,27.7533,6085,en
Inception,2010,Action,https://www.themoviedb.org/movie/27205,https://www.youtube.com/watch?v=JE9z-gy4De4,30.9992,38130,en
Karate Kid: Legends,2025,Action,https://www.themoviedb.org/movie/1011477,https://www.youtube.com/watch?v=LhRXf-yEQqA,28.6729,932,en
Red Sonja,2025,Action,https://www.themoviedb.org/movie/13494,https://www.youtube.com/watch?v=A1EHM1_NG-8,31.4908,122,en
Heads of State,2025,Action,https://www.themoviedb.org/movie/749170,https://www.youtube.com/watch?v=f70LlXPC7VI,28.0549,811,en
Pirates of the Caribbean: The Curse of the Black Pearl,2003,Action,https://www.themoviedb.org/movie/22,https://www.youtube.com/watch?v=-9HT0l9HV4c,27.2169,21544,en
Thunderbolts*,2025,Action,https://www.themoviedb.org/movie/986056,https://www.youtube.com/watch?v=7rs_HhSA7XY,30.813,2820,en
Night Carnage,2025,Action,https://www.themoviedb.org/movie/986206,https://www.youtube.com/watch?v=QgT_a2ilPMQ,26.0858,54,en
As Good as Dead,2022,Action,https://www.themoviedb.org/movie/1028248,https://www.youtube.com/watch?v=sx3r-9NF538,25.9939,77,en
The Incredibles,2004,Action,https://www.themoviedb.org/movie/9806,https://www.youtube.com/watch?v=sJCjKQQOqT0,30.5409,18367,en
The Lord of the Rings: The Return of the King,2003,Action,https://www.themoviedb.org/movie/122,https://www.youtube.com/watch?v=zckJCxYxn1g,25.7374,25587,en
Sinners,2025,Action,https://www.themoviedb.org/movie/1233413,https://www.youtube.com/watch?v=l2h2lC0vlX4,29.6524,2778,en
Sonic the Hedgehog 3,2024,Action,https://www.themoviedb.org/movie/939243,https://www.youtube.com/watch?v=LH1J1EbqCaI,25.5966,2984,en
Avatar,2009,Action,https://www.themoviedb.org/movie/19995,https://www.youtube.com/watch?v=jm2sNLIPPvA,28.6398,32746,en
Aztec Batman: Clash of Empires,2025,Action,https://www.themoviedb.org/movie/987400,https://www.youtube.com/watch?v=-bd_AUSkrRA,31.7349,101,es
The Matrix,1999,Action,https://www.themoviedb.org/movie/603,https://www.youtube.com/watch?v=d0XTFAMmhrE,23.4333,26922,en
Red One,2024,Action,https://www.themoviedb.org/movie/845781,https://www.youtube.com/watch?v=7l3hfD74X-4,25.306,2695,en
Captain America: Brave New World,2025,Action,https://www.themoviedb.org/movie/822119,https://www.youtube.com/watch?v=5PSzFLV-EyQ,22.2458,2710,en
Predator: Killer of Killers,2025,Action,https://www.themoviedb.org/movie/1376434,https://www.youtube.com/watch?v=fbddYji1F8s,23.5652,902,en
Gunman,2025,Action,https://www.themoviedb.org/movie/1450529,https://www.youtube.com/watch?v=nP7xe8ZymNs,23.1041,11,es
Spider-Man: No Way Home,2021,Action,https://www.themoviedb.org/movie/634649,https://www.youtube.com/watch?v=1mTjfMFyPi8,23.1617,21228,en
Kraven the Hunter,2024,Action,https://www.themoviedb.org/movie/539972,https://www.youtube.com/watch?v=hR1-ihzff3I,22.0566,2074,en
Road House,2024,Action,https://www.themoviedb.org/movie/359410,https://www.youtube.com/watch?v=Y0ZsLudtfjI,22.0848,2736,en
Osiris,2025,Action,https://www.themoviedb.org/movie/1241470,https://www.youtube.com/watch?v=oqlqZWv_PO4,23.9606,131,en
Pirates of the Caribbean: On Stranger Tides,2011,Action,https://www.themoviedb.org/movie/1865,https://www.youtube.com/watch?v=Ax6md6HoZ2o,21.8355,14551,en
Eenie Meanie,2025,Action,https://www.themoviedb.org/movie/1151334,https://www.youtube.com/watch?v=qH6SqkWS9WA,24.8917,231,en
The Shadow's Edge,2025,Action,https://www.themoviedb.org/movie/1419406,https://www.youtube.com/watch?v=xvmADAJOoCg,23.7803,35,zh
Kung Fu Panda 4,2024,Action,https://www.themoviedb.org/movie/1011985,https://www.youtube.com/watch?v=d2OONzqh2jk,21.438,3260,en
Pirates of the Caribbean: Dead Man's Chest,2006,Action,https://www.themoviedb.org/movie/58,https://www.youtube.com/watch?v=elqO-GNfStM,25.032,16666,en
The Family Plan,2023,Action,https://www.themoviedb.org/movie/1029575,https://www.youtube.com/watch?v=ns8weNznn1Y,22.8879,1645,en
Spider-Man: Homecoming,2017,Action,https://www.themoviedb.org/movie/315635,https://www.youtube.com/watch?v=xEvV3OsE2WM,21.4121,22584,en
TRON: Legacy,2010,Action,https://www.themoviedb.org/movie/20526,https://www.youtube.com/watch?v=m9CTGwEZiPk,23.5126,7569,en
Incredibles 2,2018,Action,https://www.themoviedb.org/movie/260513,https://www.youtube.com/watch?v=i5qOzqD9Rms,23.5965,13326,en
Demon Slayer -Kimetsu no Yaiba- The Movie: Mugen Train,2020,Action,https://www.themoviedb.org/movie/635302,https://www.youtube.com/watch?v=eLq-cX0BlGQ,25.2815,4299,ja
Venom: The Last Dance,2024,Action,https://www.themoviedb.org/movie/912649,https://www.youtube.com/watch?v=FKBN1qAzW3s,25.2797,3823,en
The Lord of the Rings: The Two Towers,2002,Action,https://www.themoviedb.org/movie/121,https://www.youtube.com/watch?v=nuTU5XcZTLA,20.0604,23030,en
Iron Man 2,2010,Action,https://www.themoviedb.org/movie/10138,https://www.youtube.com/watch?v=5fUQkLdJ2kE,20.1118,21806,en
Fury,2014,Action,https://www.themoviedb.org/movie/228150,https://www.youtube.com/watch?v=09w9MTtZDEM,19.9464,12541,en
The Hobbit: The Battle of the Five Armies,2014,Action,https://www.themoviedb.org/movie/122917,https://www.youtube.com/watch?v=Y6Fv5StfAxA,20.2433,14867,en
Godzilla x Kong: The New Empire,2024,Action,https://www.themoviedb.org/movie/823464,https://www.youtube.com/watch?v=m2u6RfmTXt0,19.8812,4382,en
Top Gun: Maverick,2022,Action,https://www.themoviedb.org/movie/361743,https://www.youtube.com/watch?v=ODZMo8HXqwA,21.2123,10288,en
Creation of the Gods II: Demon Force,2025,Action,https://www.themoviedb.org/movie/1155281,https://www.youtube.com/watch?v=GR1LszelGoU,21.2198,110,zh
Spider-Man: Into the Spider-Verse,2018,Action,https://www.themoviedb.org/movie/324857,https://www.youtube.com/watch?v=tg52up16eq0,19.8394,16556,en
Legends of the Condor Heroes: The Gallants,2025,Action,https://www.themoviedb.org/movie/1185528,https://www.youtube.com/watch?v=uyIPBAmY1hY,20.8095,68,zh
Predator,1987,Action,https://www.themoviedb.org/movie/106,https://www.youtube.com/watch?v=SFoQL6gqhFM,20.4663,8598,en
Pirates of the Caribbean: At World's End,2007,Action,https://www.themoviedb.org/movie/285,https://www.youtube.com/watch?v=HKSZtp_OGHY,20.2338,14993,en
Spider-Man: Across the Spider-Verse,2023,Action,https://www.themoviedb.org/movie/569094,https://www.youtube.com/watch?v=yFrxzaBLDQM,20.771,7990,en
The Amateur,2025,Action,https://www.themoviedb.org/movie/1087891,https://www.youtube.com/watch?v=DCWcK4c-F8Q,20.735,1293,en
John Wick: Chapter 4,2023,Action,https://www.themoviedb.org/movie/603692,https://www.youtube.com/watch?v=yjRHZEUamCc,19.822,7447,en
The Pickup,2025,Action,https://www.themoviedb.org/movie/1106289,https://www.youtube.com/watch?v=YIcga73lPFE,19.6627,389,en
The Legend of Hei 2,2025,Action,https://www.themoviedb.org/movie/1144107,https://www.youtube.com/watch?v=i7e-tjZlL_Y,20.642,25,zh
Big Hero 6,2014,Action,https://www.themoviedb.org/movie/177572,https://www.youtube.com/watch?v=8IdMPpKMdcc,19.7668,16153,en
Teenage Mutant Ninja Turtles,2014,Action,https://www.themoviedb.org/movie/98566,https://www.youtube.com/watch?v=dwXFsrp6WBs,20.7379,7011,en
Detective Dee: The Four Heavenly Kings,2018,Action,https://www.themoviedb.org/movie/506763,https://www.youtube.com/watch?v=VvGUA1JmERw,19.5641,201,zh
Warfare,2025,Action,https://www.themoviedb.org/movie/1241436,https://www.youtube.com/watch?v=JER0Fkyy3tw,18.5177,1085,en
Stockholm Bloodbath,2024,Action,https://www.themoviedb.org/movie/1051486,https://www.youtube.com/watch?v=UzUx3idEx-k,19.4626,35,en
The Suicide Squad,2021,Action,https://www.themoviedb.org/movie/436969,https://www.youtube.com/watch?v=eg5ciqQzmK0,19.3196,9207,en
The Dark Knight Rises,2012,Action,https://www.themoviedb.org/movie/49026,https://www.youtube.com/watch?v=GAjBzu8ggi0,18.129,23648,en
Wonder Woman,2017,Action,https://www.themoviedb.org/movie/297762,https://www.youtube.com/watch?v=VSB4wGIdDwo,18.5637,20508,en
Troy,2004,Action,https://www.themoviedb.org/movie/652,https://www.youtube.com/watch?v=6FG3BfPuwBA,18.2715,10666,en
Hostile Takeover,2025,Action,https://www.themoviedb.org/movie/1319895,https://www.youtube.com/watch?v=zie6QBbTK5s,18.8059,30,en
Spider-Man 3,2007,Action,https://www.themoviedb.org/movie/559,https://www.youtube.com/watch?v=wPosLpgMtTY,18.2687,14751,en
Avengement,2019,Action,https://www.themoviedb.org/movie/534490,https://www.youtube.com/watch?v=zeJF1lUD6ms,19.1236,549,en
Spider-Man,2002,Action,https://www.themoviedb.org/movie/557,https://www.youtube.com/watch?v=7d1Wa_rpj8g,18.3951,19997,en
The Equalizer,2014,Action,https://www.themoviedb.org/movie/156022,https://www.youtube.com/watch?v=BP_FwE0Z7no,18.9617,9547,en
Gladiator II,2024,Action,https://www.themoviedb.org/movie/558449,https://www.youtube.com/watch?v=TQwSz88ITAE,19.1586,3958,en
Furiosa: A Mad Max Saga,2024,Action,https://www.themoviedb.org/movie/786892,https://www.youtube.com/watch?v=LYV3001u574,18.5941,4450,en
Train to Busan,2016,Action,https://www.themoviedb.org/movie/396535,https://www.youtube.com/watch?v=0_sV9luPnMk,17.9249,8016,ko
Iron Man,2008,Action,https://www.themoviedb.org/movie/1726,https://www.youtube.com/watch?v=KAE5ymVLmZg,18.0821,27415,en
Pixels,2015,Action,https://www.themoviedb.org/movie/257344,https://www.youtube.com/watch?v=v5kTR1MGBuw,17.706,7822,en
Gladiator,2000,Action,https://www.themoviedb.org/movie/98,https://www.youtube.com/watch?v=P5ieIbInFpg,18.4453,20169,en
Get Fast,2024,Action,https://www.themoviedb.org/movie/1369679,https://www.youtube.com/watch?v=9yBlJjqhmYU,17.7887,31,en
Nobody,2021,Action,https://www.themoviedb.org/movie/615457,https://www.youtube.com/watch?v=wZti8QKBWPo,18.7861,7823,en
Apocalypto,2006,Action,https://www.themoviedb.org/movie/1579,https://www.youtube.com/watch?v=gSw5l5jMnPM,17.0599,5926,en
Batman Begins,2005,Action,https://www.themoviedb.org/movie/272,https://www.youtube.com/watch?v=lirBhHXvDSg,17.5942,21910,en
Baaghi 4,2025,Action,https://www.themoviedb.org/movie/758923,https://www.youtube.com/watch?v=58909OjAfeg,17.2218,9,hi
Tron,1982,Action,https://www.themoviedb.org/movie/97,https://www.youtube.com/watch?v=INv-OQ1clmw,17.1606,2542,en
Solo Leveling -ReAwakening-,2024,Action,https://www.themoviedb.org/movie/1357633,https://www.youtube.com/watch?v=UdIXUDpeTXU,16.6087,239,ja
Taken 3,2014,Action,https://www.themoviedb.org/movie/260346,https://www.youtube.com/watch?v=JuU0M2xBasc,17.4176,5966,en
Guardians of the Galaxy Vol. 3,2023,Action,https://www.themoviedb.org/movie/447365,https://www.youtube.com/watch?v=AAE5VZktooM,16.933,7750,en
Flight Risk,2025,Action,https://www.themoviedb.org/movie/1126166,https://www.youtube.com/watch?v=uaodj8Myt3A,16.7633,990,en
The Beekeeper,2024,Action,https://www.themoviedb.org/movie/866398,https://www.youtube.com/watch?v=CHKn-yDCE2w,17.2125,3840,en
Kingdom of the Planet of the Apes,2024,Action,https://www.themoviedb.org/movie/653346,https://www.youtube.com/watch?v=Tg1FesR8X90,16.8404,3940,en
Iron Man 3,2013,Action,https://www.themoviedb.org/movie/68721,https://www.youtube.com/watch?v=VcZdrfDeJTo,16.8963,22897,en
Bride Hard,2025,Action,https://www.themoviedb.org/movie/1124619,https://www.youtube.com/watch?v=q0v62aE6YRs,16.6253,120,en
Bad Boys: Ride or Die,2024,Action,https://www.themoviedb.org/movie/573435,https://www.youtube.com/watch?v=uWLNl_KQCAU,16.6514,3093,en
Caramelo,2025,Comedy,https://www.themoviedb.org/movie/1277988,https://www.youtube.com/watch?v=epiLkoJ4dAk,51.5284,143,pt
The Naked Gun,2025,Comedy,https://www.themoviedb.org/movie/1035259,https://www.youtube.com/watch?v=uLguU7WLreA,42.2496,984,en
The Twits,2025,Comedy,https://www.themoviedb.org/movie/927254,https://www.youtube.com/watch?v=dMZI0FkYLEs,83.2945,41,en
KPop Demon Hunters,2025,Comedy,https://www.themoviedb.org/movie/803796,https://www.youtube.com/watch?v=AzCAwdp1uIQ,132.3623,1764,en
Laila,2025,Comedy,https://www.themoviedb.org/movie/1403735,https://www.youtube.com/watch?v=FyhFBHpTh6Y,53.5378,6,te
Lilo & Stitch,2025,Comedy,https://www.themoviedb.org/movie/552524,https://www.youtube.com/watch?v=VWqJifMMgZE,51.7401,1783,en
Moana 2,2024,Comedy,https://www.themoviedb.org/movie/1241982,https://www.youtube.com/watch?v=JdSl4RMNtGE,37.8618,2764,en
Gabby's Dollhouse: The Movie,2025,Comedy,https://www.themoviedb.org/movie/1280282,https://www.youtube.com/watch?v=S-GFCPEWqe4,49.7466,30,en
Coyotes,2025,Comedy,https://www.themoviedb.org/movie/1386827,https://www.youtube.com/watch?v=DENZQmZZ1ok,66.5507,19,en
The Toxic Avenger Unrated,2025,Comedy,https://www.themoviedb.org/movie/338969,https://www.youtube.com/watch?v=BO3tPsmx8_8,129.7551,151,en
27 Nights,2025,Comedy,https://www.themoviedb.org/movie/1327769,https://www.youtube.com/watch?v=T9PEcUpiW6A,73.9347,15,es
The Roses,2025,Comedy,https://www.themoviedb.org/movie/1267905,https://www.youtube.com/watch?v=XkgMaS5gbaA,101.0001,267,en
Inside Out 2,2024,Comedy,https://www.themoviedb.org/movie/1022789,https://www.youtube.com/watch?v=u69y5Ie519M,34.6264,6208,en
The Bad Guys 2,2025,Comedy,https://www.themoviedb.org/movie/1175942,https://www.youtube.com/watch?v=HvLHYox_Vq8,52.8565,492,en
The Ugly Stepsister,2025,Comedy,https://www.themoviedb.org/movie/1284120,https://www.youtube.com/watch?v=5vZ1_Yxjwzs,56.9933,518,no
Elio,2025,Comedy,https://www.themoviedb.org/movie/1022787,https://www.youtube.com/watch?v=yH5zbV7eweM,38.6582,614,en
Pets on a Train,2025,Comedy,https://www.themoviedb.org/movie/1107216,https://www.youtube.com/watch?v=QH8V0wpg18A,106.7903,7,fr
Zootopia,2016,Comedy,https://www.themoviedb.org/movie/269149,https://www.youtube.com/watch?v=jWM0ct-OLsM,27.1765,17020,en
A Minecraft Movie,2025,Comedy,https://www.themoviedb.org/movie/950387,https://www.youtube.com/watch?v=aSh_L6bvaCQ,32.8534,2456,en
Freakier Friday,2025,Comedy,https://www.themoviedb.org/movie/1125257,https://www.youtube.com/watch?v=IyJzhtJEtoU,25.7254,339,en
Four Mothers,2025,Comedy,https://www.themoviedb.org/movie/1081196,https://www.youtube.com/watch?v=6i1wyJMY-aI,28.0103,14,en
Thamma,2025,Comedy,https://www.themoviedb.org/movie/1196364,https://www.youtube.com/watch?v=Mod_oXpftJA,28.7083,6,hi
Living Large,2024,Comedy,https://www.themoviedb.org/movie/947512,https://www.youtube.com/watch?v=QLI2hWtgAOo,25.6903,9,cs
Maintenance Required,2025,Comedy,https://www.themoviedb.org/movie/1352755,https://www.youtube.com/watch?v=6WSAUKWt7ho,28.6013,92,en
Despicable Me 4,2024,Comedy,https://www.themoviedb.org/movie/519182,https://www.youtube.com/watch?v=LtNYaH61dXY,26.5575,2961,en
Deadpool & Wolverine,2024,Comedy,https://www.themoviedb.org/movie/533535,https://www.youtube.com/watch?v=Idh8n5XuYIA,32.8272,7867,en
The Prank,2024,Comedy,https://www.themoviedb.org/movie/934201,https://www.youtube.com/watch?v=OrFl-CNHsu4,31.1958,13,en
The Wolf of Wall Street,2013,Comedy,https://www.themoviedb.org/movie/106646,https://www.youtube.com/watch?v=Slj4-Sv-YNA,25.2524,25101,en
Bugonia,2025,Comedy,https://www.themoviedb.org/movie/701387,https://www.youtube.com/watch?v=7VBigr-JHB0,33.8318,80,en
Red One,2024,Comedy,https://www.themoviedb.org/movie/845781,https://www.youtube.com/watch?v=7l3hfD74X-4,25.306,2695,en
Heads of State,2025,Comedy,https://www.themoviedb.org/movie/749170,https://www.youtube.com/watch?v=f70LlXPC7VI,28.0549,811,en
Good News,2025,Comedy,https://www.themoviedb.org/movie/1296404,https://www.youtube.com/watch?v=YkyzNk-UJ4o,34.3199,26,ko
Shrek,2001,Comedy,https://www.themoviedb.org/movie/808,https://www.youtube.com/watch?v=HobeWN9DnsY,25.669,18066,en
Sonic the Hedgehog 3,2024,Comedy,https://www.themoviedb.org/movie/939243,https://www.youtube.com/watch?v=LH1J1EbqCaI,25.5966,2984,en
Eenie Meanie,2025,Comedy,https://www.themoviedb.org/movie/1151334,https://www.youtube.com/watch?v=qH6SqkWS9WA,24.8917,231,en
Hocus Pocus,1993,Comedy,https://www.themoviedb.org/movie/10439,https://www.youtube.com/watch?v=OFm_2RyxXjQ,24.3365,3176,en
The Day the Earth Blew Up: A Looney Tunes Movie,2024,Comedy,https://www.themoviedb.org/movie/870360,https://www.youtube.com/watch?v=BtHUWHXfDyU,22.4916,174,en
Scary Movie,2000,Comedy,https://www.themoviedb.org/movie/4247,https://www.youtube.com/watch?v=HTLPULt0eJ4,21.253,7361,en
Scouts Guide to the Zombie Apocalypse,2015,Comedy,https://www.themoviedb.org/movie/273477,https://www.youtube.com/watch?v=hKrAyaadZLg,23.3019,2027,en
Eddington,2025,Comedy,https://www.themoviedb.org/movie/648878,https://www.youtube.com/watch?v=ytyBfsqN3eI,20.2331,405,en
Vera and the Pleasure of Others,2024,Comedy,https://www.themoviedb.org/movie/1086548,https://www.youtube.com/watch?v=fso8Duq2Y3Q,20.9406,42,es
Barbie,2023,Comedy,https://www.themoviedb.org/movie/346698,https://www.youtube.com/watch?v=Y1IgAEejvqM,20.0432,10411,en
Kung Fu Panda 4,2024,Comedy,https://www.themoviedb.org/movie/1011985,https://www.youtube.com/watch?v=d2OONzqh2jk,21.438,3260,en
Teenage Mutant Ninja Turtles,2014,Comedy,https://www.themoviedb.org/movie/98566,https://www.youtube.com/watch?v=dwXFsrp6WBs,20.7379,7011,en
Back to the Future,1985,Comedy,https://www.themoviedb.org/movie/105,https://www.youtube.com/watch?v=ez6WQ7IX72U,23.2706,20997,en
Parasite,2019,Comedy,https://www.themoviedb.org/movie/496243,https://www.youtube.com/watch?v=bM9QabAojCg,22.7018,19637,ko
Anora,2024,Comedy,https://www.themoviedb.org/movie/1064213,https://www.youtube.com/watch?v=8m6UrWMl18M,21.59,2695,en
Forrest Gump,1994,Comedy,https://www.themoviedb.org/movie/13,https://www.youtube.com/watch?v=Mj9IA9tTfio,20.8082,28764,en
Kakushigoto Theatrical Edition,2021,Comedy,https://www.themoviedb.org/movie/814662,https://www.youtube.com/watch?v=9gZE4LFkcKQ,20.139,8,ja
Toy Story,1995,Comedy,https://www.themoviedb.org/movie/862,https://www.youtube.com/watch?v=CxwTLktovTU,22.0383,19244,en
The Family Plan,2023,Comedy,https://www.themoviedb.org/movie/1029575,https://www.youtube.com/watch?v=ns8weNznn1Y,22.8879,1645,en
Caught Stealing,2025,Comedy,https://www.themoviedb.org/movie/1245993,https://www.youtube.com/watch?v=6mIvD-GN-p4,20.1488,466,en
Ice Age,2002,Comedy,https://www.themoviedb.org/movie/425,https://www.youtube.com/watch?v=FpFUufgXdpc,20.3381,13870,en
The Monkey,2025,Comedy,https://www.themoviedb.org/movie/1124620,https://www.youtube.com/watch?v=KPxmK_ihDO8,23.0771,1062,en
Pixels,2015,Comedy,https://www.themoviedb.org/movie/257344,https://www.youtube.com/watch?v=v5kTR1MGBuw,17.706,7822,en
"Monsters, Inc.",2001,Comedy,https://www.themoviedb.org/movie/585,https://www.youtube.com/watch?v=6tCxnHCqqxg,19.6334,19197,en
Elemental,2023,Comedy,https://www.themoviedb.org/movie/976573,https://www.youtube.com/watch?v=hXzcyx9V0xw,17.6081,5013,en
Inside Out,2015,Comedy,https://www.themoviedb.org/movie/150540,https://www.youtube.com/watch?v=1HFv47QHWJU,18.0759,22883,en
Pulp Fiction,1994,Comedy,https://www.themoviedb.org/movie/680,https://www.youtube.com/watch?v=tGpTpVyI_OQ,19.5769,29203,en
The Idea of You,2024,Comedy,https://www.themoviedb.org/movie/843527,https://www.youtube.com/watch?v=pz6qx4n2Ewc,19.8651,1788,en
Poor Things,2023,Comedy,https://www.themoviedb.org/movie/792307,https://www.youtube.com/watch?v=-EfYJWRw2FM,18.0409,5025,en
Hostile Takeover,2025,Comedy,https://www.themoviedb.org/movie/1319895,https://www.youtube.com/watch?v=zie6QBbTK5s,18.8059,30,en
The Super Mario Bros. Movie,2023,Comedy,https://www.themoviedb.org/movie/502356,https://www.youtube.com/watch?v=RjNcTBXTk4I,18.0481,10028,en
Sidelined: The QB and Me,2025,Comedy,https://www.themoviedb.org/movie/957119,https://www.youtube.com/watch?v=KJm3CNtYQpQ,17.4453,101,en
The Suicide Squad,2021,Comedy,https://www.themoviedb.org/movie/436969,https://www.youtube.com/watch?v=eg5ciqQzmK0,19.3196,9207,en
Shrek 2,2004,Comedy,https://www.themoviedb.org/movie/809,https://www.youtube.com/watch?v=iuNghO1XsHI,18.881,12980,en
Ratatouille,2007,Comedy,https://www.themoviedb.org/movie/2062,https://www.youtube.com/watch?v=NgsQ8mVkN8w,19.9204,17876,en
The Truman Show,1998,Comedy,https://www.themoviedb.org/movie/37165,https://www.youtube.com/watch?v=N1VlDVRiFrk,18.8247,19427,en
Big Hero 6,2014,Comedy,https://www.themoviedb.org/movie/177572,https://www.youtube.com/watch?v=8IdMPpKMdcc,19.7668,16153,en
Up,2009,Comedy,https://www.themoviedb.org/movie/14160,https://www.youtube.com/watch?v=Ajcdb4FAL7A,17.4493,21048,en
The Mask,1994,Comedy,https://www.themoviedb.org/movie/854,https://www.youtube.com/watch?v=uPrUiKgQVQk,19.3258,10807,en
The Pickup,2025,Comedy,https://www.themoviedb.org/movie/1106289,https://www.youtube.com/watch?v=YIcga73lPFE,19.6627,389,en
"Red, White & Royal Blue",2023,Comedy,https://www.themoviedb.org/movie/930094,https://www.youtube.com/watch?v=pt56IC8gDZ4,17.1776,1445,en
Hotel Transylvania: Transformania,2022,Comedy,https://www.themoviedb.org/movie/585083,https://www.youtube.com/watch?v=6suJohjIvfo,16.3297,2929,en
French Lover,2025,Comedy,https://www.themoviedb.org/movie/1289888,https://www.youtube.com/watch?v=41jJ_1s8ZyY,17.38,140,fr
Penguins of Madagascar,2014,Comedy,https://www.themoviedb.org/movie/270946,https://www.youtube.com/watch?v=BjfID263ViI,17.3686,4332,en
Spermageddon,2025,Comedy,https://www.themoviedb.org/movie/1064307,https://www.youtube.com/watch?v=a9qxc6AWdPg,17.1356,94,no
404 Run Run,2024,Comedy,https://www.themoviedb.org/movie/1290213,https://www.youtube.com/watch?v=Y662GRrGMNw,16.6478,10,th
White Chicks,2004,Comedy,https://www.themoviedb.org/movie/12153,https://www.youtube.com/watch?v=aeVkbNka9HM,17.055,4301,en
Bride Hard,2025,Comedy,https://www.themoviedb.org/movie/1124619,https://www.youtube.com/watch?v=q0v62aE6YRs,16.6253,120,en
Deadpool,2016,Comedy,https://www.themoviedb.org/movie/293660,https://www.youtube.com/watch?v=9vN6DHB6bJc,16.5418,32020,en
Turning Red,2022,Comedy,https://www.themoviedb.org/movie/508947,https://www.youtube.com/watch?v=XdKzUbAiswE,16.8425,5577,en
Through My Window,2022,Comedy,https://www.themoviedb.org/movie/818647,https://www.youtube.com/watch?v=_zxhK3Z-R0c,15.9911,3272,es
Brave,2012,Comedy,https://www.themoviedb.org/movie/62177,https://www.youtube.com/watch?v=TEHWDA_6e3M,16.2774,13819,en
Shrek Forever After,2010,Comedy,https://www.themoviedb.org/movie/10192,https://www.youtube.com/watch?v=WV8bbMxPBdc,17.2351,7689,en
Cars 2,2011,Comedy,https://www.themoviedb.org/movie/49013,https://www.youtube.com/watch?v=lg5hj2c5Nkk,16.0742,8205,en
Sitaare Zameen Par,2025,Comedy,https://www.themoviedb.org/movie/1190511,https://www.youtube.com/watch?v=YH6k5weqwy8,15.9313,27,hi
Guardians of the Galaxy Vol. 3,2023,Comedy,https://www.themoviedb.org/movie/447365,https://www.youtube.com/watch?v=AAE5VZktooM,16.933,7750,en
Madagascar,2005,Comedy,https://www.themoviedb.org/movie/953,https://www.youtube.com/watch?v=fq5zU9T_Hl4,17.0453,11339,en
Hotel Transylvania,2012,Comedy,https://www.themoviedb.org/movie/76492,https://www.youtube.com/watch?v=q4RK3jY7AVk,16.2199,8931,en
The Hangover,2009,Comedy,https://www.themoviedb.org/movie/18785,https://www.youtube.com/watch?v=tlize92ffnY,17.3293,17571,en
Bad Boys: Ride or Die,2024,Comedy,https://www.themoviedb.org/movie/573435,https://www.youtube.com/watch?v=uWLNl_KQCAU,16.6514,3093,en
Megamind,2010,Comedy,https://www.themoviedb.org/movie/38055,https://www.youtube.com/watch?v=6CJUQr4Vs40,15.8319,7198,en
Big Brother,2018,Comedy,https://www.themoviedb.org/movie/504056,https://www.youtube.com/watch?v=7Fm6WFrhRKs,15.5533,185,zh
Encanto,2021,Comedy,https://www.themoviedb.org/movie/568124,https://www.youtube.com/watch?v=CaimKeDcudo,15.6692,9905,en
Cruella,2021,Comedy,https://www.themoviedb.org/movie/337404,https://www.youtube.com/watch?v=jpZrVxvG3mk,15.4686,9773,en
Toy Story 2,1999,Comedy,https://www.themoviedb.org/movie/863,https://www.youtube.com/watch?v=xNWSGRD5CzU,15.5201,14436,en
The Garfield Movie,2024,Comedy,https://www.themoviedb.org/movie/748783,https://www.youtube.com/watch?v=yk2Ej59DnrE,15.5882,1349,en
Grown Ups,2010,Comedy,https://www.themoviedb.org/movie/38365,https://www.youtube.com/watch?v=Nk1ERmswxsY,15.296,6442,en
Puss in Boots: The Last Wish,2022,Comedy,https://www.themoviedb.org/movie/315162,https://www.youtube.com/watch?v=tHb7WlgyaUc,15.9267,8461,en
Despicable Me,2010,Comedy,https://www.themoviedb.org/movie/20352,https://www.youtube.com/watch?v=zzCZ1W_CUoI,14.9758,15654,en
Snoopy Presents: A Summer Musical,2025,Comedy,https://www.themoviedb.org/movie/1484453,https://www.youtube.com/watch?v=Bnd8wceX9ok,15.4569,18,en
Scary Movie 2,2001,Comedy,https://www.themoviedb.org/movie/4248,https://www.youtube.com/watch?v=wsHCoKGxjLk,15.9301,4901,en
Migration,2023,Comedy,https://www.themoviedb.org/movie/940551,https://www.youtube.com/watch?v=hWbfohXIdEU,14.9041,2116,en
Mean Girls,2004,Comedy,https://www.themoviedb.org/movie/10625,https://www.youtube.com/watch?v=RJQlMP-kFdo,14.9757,9185,en
Charlie and the Chocolate Factory,2005,Comedy,https://www.themoviedb.org/movie/118,https://www.youtube.com/watch?v=p6JAQ2aoXm0,15.222,15719,en
The Bad Guys,2022,Comedy,https://www.themoviedb.org/movie/629542,https://www.youtube.com/watch?v=zpDuBXB_glk,14.949,2374,en
"Oh, Hi!",2025,Comedy,https://www.themoviedb.org/movie/1339658,https://www.youtube.com/watch?v=s_IEVF0GQPk,14.8603,72,en
Long Distance,2024,Comedy,https://www.themoviedb.org/movie/605722,https://www.youtube.com/watch?v=XBHNALPwxYE,15.3985,208,en
Bad Man,2025,Comedy,https://www.themoviedb.org/movie/1267116,https://www.youtube.com/watch?v=L09njvem2A8,15.2958,8,en
The Grinch,2018,Comedy,https://www.themoviedb.org/movie/360920,https://www.youtube.com/watch?v=_UOh0UX3alI,14.354,4263,en
Homo Argentum,2025,Comedy,https://www.themoviedb.org/movie/1471345,https://www.youtube.com/watch?v=_Tdk26fRQE0,14.1866,10,es
Sing 2,2021,Comedy,https://www.themoviedb.org/movie/438695,https://www.youtube.com/watch?v=EPZu5MA2uqI,14.4512,4639,en
Through My Window 3: Looking at You,2024,Comedy,https://www.themoviedb.org/movie/1139566,https://www.youtube.com/watch?v=G_WsQNsfx1Q,14.2799,640,es
Splitsville,2025,Comedy,https://www.themoviedb.org/movie/1337562,https://www.youtube.com/watch?v=VrdSQSLD63Q,14.0261,79,en
Soul,2020,Comedy,https://www.themoviedb.org/movie/508442,https://www.youtube.com/watch?v=Gs--6c7Hn_A,14.0545,10990,en
Bullet Train,2022,Comedy,https://www.themoviedb.org/movie/718930,https://www.youtube.com/watch?v=EGeJczJvWns,14.8492,7001,en
Casper,1995,Comedy,https://www.themoviedb.org/movie/8839,https://www.youtube.com/watch?v=kRX7PPqbKaQ,14.2487,4774,en
The Simpsons Movie,2007,Comedy,https://www.themoviedb.org/movie/35,https://www.youtube.com/watch?v=XPG0MqIcby8,14.393,8314,en
Free Guy,2021,Comedy,https://www.themoviedb.org/movie/550988,https://www.youtube.com/watch?v=cttnRmcr_ME,14.0543,9356,en
F1,2025,Drama,https://www.themoviedb.org/movie/911430,https://www.youtube.com/watch?v=ge_ABjtYx88,63.9117,2469,en
Eden,2025,Drama,https://www.themoviedb.org/movie/1042834,https://www.youtube.com/watch?v=N7qYSKw8JkQ,60.6238,308,en
Black Mold,2025,Drama,https://www.themoviedb.org/movie/949855,https://www.youtube.com/watch?v=N1E9bPO3mwc,91.4166,8,en
Frankenstein,2025,Drama,https://www.themoviedb.org/movie/1062722,https://www.youtube.com/watch?v=8aulMPhE12g,64.6828,53,en
Your Fault,2024,Drama,https://www.themoviedb.org/movie/1156593,https://www.youtube.com/watch?v=QT5j0Uf-rdM,114.5084,1428,es
Ligaw,2025,Drama,https://www.themoviedb.org/movie/1470086,https://www.youtube.com/watch?v=EFzDoPUtweA,44.0594,5,tl
Pan's Labyrinth,2006,Drama,https://www.themoviedb.org/movie/1417,https://www.youtube.com/watch?v=6tYUOAMsydg,86.0126,11057,es
The Roses,2025,Drama,https://www.themoviedb.org/movie/1267905,https://www.youtube.com/watch?v=XkgMaS5gbaA,101.0001,267,en
Anemone,2025,Drama,https://www.themoviedb.org/movie/1364608,https://www.youtube.com/watch?v=uS7DHGFXkNY,58.0977,23,en
The Substance,2024,Drama,https://www.themoviedb.org/movie/933260,https://www.youtube.com/watch?v=lR5nlovVgvQ,40.1084,5253,en
My Fault: London,2025,Drama,https://www.themoviedb.org/movie/1294203,https://www.youtube.com/watch?v=14z9L_MwH5s,47.5969,481,en
My Fault,2023,Drama,https://www.themoviedb.org/movie/1010581,https://www.youtube.com/watch?v=xY-qRGC6Yu0,143.574,3889,es
The Ugly Stepsister,2025,Drama,https://www.themoviedb.org/movie/1284120,https://www.youtube.com/watch?v=5vZ1_Yxjwzs,56.9933,518,no
Regretting You,2025,Drama,https://www.themoviedb.org/movie/1327862,https://www.youtube.com/watch?v=qub8lZlVlho,91.3476,27,en
Ice Road: Vengeance,2025,Drama,https://www.themoviedb.org/movie/1119878,https://www.youtube.com/watch?v=K6lJh9ADfbQ,41.6141,494,en
Caramelo,2025,Drama,https://www.themoviedb.org/movie/1277988,https://www.youtube.com/watch?v=epiLkoJ4dAk,51.5284,143,pt
Interstellar,2014,Drama,https://www.themoviedb.org/movie/157336,https://www.youtube.com/watch?v=LY19rHKAaAg,54.9925,38123,en
Winter Boy,2022,Drama,https://www.themoviedb.org/movie/918044,https://www.youtube.com/watch?v=3iCIxtmpdug,25.0583,88,fr
The Shawshank Redemption,1994,Drama,https://www.themoviedb.org/movie/278,https://www.youtube.com/watch?v=PLl99DlL6b4,31.7233,29104,en
She Walks in Darkness,2025,Drama,https://www.themoviedb.org/movie/1275151,https://www.youtube.com/watch?v=fhTkCde7E8I,26.489,53,es
Titanic,1997,Drama,https://www.themoviedb.org/movie/597,https://www.youtube.com/watch?v=wO44qBPBG4c,29.9766,26423,en
The Wolf of Wall Street,2013,Drama,https://www.themoviedb.org/movie/106646,https://www.youtube.com/watch?v=Slj4-Sv-YNA,25.2524,25101,en
Four Mothers,2025,Drama,https://www.themoviedb.org/movie/1081196,https://www.youtube.com/watch?v=6i1wyJMY-aI,28.0103,14,en
365 Days: This Day,2022,Drama,https://www.themoviedb.org/movie/829557,https://www.youtube.com/watch?v=pyM3z73oMAk,31.0173,1775,pl
Wicked,2024,Drama,https://www.themoviedb.org/movie/402431,https://www.youtube.com/watch?v=pqi45Qhq3CI,26.2006,2468,en
The Dark Knight,2008,Drama,https://www.themoviedb.org/movie/155,https://www.youtube.com/watch?v=vbjYVETxZqM,32.0503,34603,en
The Wild Robot,2024,Drama,https://www.themoviedb.org/movie/1184918,https://www.youtube.com/watch?v=VUCNBAmse04,25.3665,5447,en
Oppenheimer,2023,Drama,https://www.themoviedb.org/movie/872585,https://www.youtube.com/watch?v=qiuSBWVdgLI,24.7089,10868,en
Fifty Shades of Grey,2015,Drama,https://www.themoviedb.org/movie/216015,https://www.youtube.com/watch?v=6FDTMRK7-24,25.4198,12142,en
Karate Kid: Legends,2025,Drama,https://www.themoviedb.org/movie/1011477,https://www.youtube.com/watch?v=LhRXf-yEQqA,28.6729,932,en
Wrath of Man,2021,Drama,https://www.themoviedb.org/movie/637649,https://www.youtube.com/watch?v=wo1kO8m2Nik,25.0922,5790,en
The Lost Bus,2025,Drama,https://www.themoviedb.org/movie/1236470,https://www.youtube.com/watch?v=kQFiO88d_gk,34.8996,385,en
Bring Her Back,2025,Drama,https://www.themoviedb.org/movie/1151031,https://www.youtube.com/watch?v=1I15ttCedfY,29.7814,1092,en
After,2019,Drama,https://www.themoviedb.org/movie/537915,https://www.youtube.com/watch?v=2ZAdcWHuCmY,29.0576,8425,en
Parasite,2019,Drama,https://www.themoviedb.org/movie/496243,https://www.youtube.com/watch?v=bM9QabAojCg,22.7018,19637,ko
Fifty Shades Freed,2018,Drama,https://www.themoviedb.org/movie/337167,https://www.youtube.com/watch?v=nJCc5HRPxYA,19.8769,8217,en
Fury,2014,Drama,https://www.themoviedb.org/movie/228150,https://www.youtube.com/watch?v=09w9MTtZDEM,19.9464,12541,en
Highest 2 Lowest,2025,Drama,https://www.themoviedb.org/movie/1242434,https://www.youtube.com/watch?v=Sh8yqcozfn8,19.8663,325,en
Forrest Gump,1994,Drama,https://www.themoviedb.org/movie/13,https://www.youtube.com/watch?v=Mj9IA9tTfio,20.8082,28764,en
Nineteen,2025,Drama,https://www.themoviedb.org/movie/1118770,https://www.youtube.com/watch?v=Ar4jYjvak9g,23.5378,8,it
Top Gun: Maverick,2022,Drama,https://www.themoviedb.org/movie/361743,https://www.youtube.com/watch?v=ODZMo8HXqwA,21.2123,10288,en
Fight Club,1999,Drama,https://www.themoviedb.org/movie/550,https://www.youtube.com/watch?v=dfeUzm6KF4g,20.8587,30916,en
Gone Girl,2014,Drama,https://www.themoviedb.org/movie/210577,https://www.youtube.com/watch?v=2-_-1nJf8Vg,20.7383,19364,en
Vera and the Pleasure of Others,2024,Drama,https://www.themoviedb.org/movie/1086548,https://www.youtube.com/watch?v=fso8Duq2Y3Q,20.9406,42,es
Springsteen: Deliver Me from Nowhere,2025,Drama,https://www.themoviedb.org/movie/1230368,https://www.youtube.com/watch?v=dH9NgXGVgK4,22.2077,44,en
Materialists,2025,Drama,https://www.themoviedb.org/movie/1136867,https://www.youtube.com/watch?v=9gjeXsTsxqY,20.3747,804,en
Your Name.,2016,Drama,https://www.themoviedb.org/movie/372058,https://www.youtube.com/watch?v=o4-URMnBOPU,21.0063,12061,ja
A Big Bold Beautiful Journey,2025,Drama,https://www.themoviedb.org/movie/1241921,https://www.youtube.com/watch?v=xdKP22EaAuU,23.9431,171,en
The Idea of You,2024,Drama,https://www.themoviedb.org/movie/843527,https://www.youtube.com/watch?v=pz6qx4n2Ewc,19.8651,1788,en
Twilight,2008,Drama,https://www.themoviedb.org/movie/8966,https://www.youtube.com/watch?v=uxjNDE2fMjI,22.858,14033,en
Legends of the Condor Heroes: The Gallants,2025,Drama,https://www.themoviedb.org/movie/1185528,https://www.youtube.com/watch?v=uyIPBAmY1hY,20.8095,68,zh
Anora,2024,Drama,https://www.themoviedb.org/movie/1064213,https://www.youtube.com/watch?v=8m6UrWMl18M,21.59,2695,en
Gladiator II,2024,Drama,https://www.themoviedb.org/movie/558449,https://www.youtube.com/watch?v=TQwSz88ITAE,19.1586,3958,en
Gladiator,2000,Drama,https://www.themoviedb.org/movie/98,https://www.youtube.com/watch?v=P5ieIbInFpg,18.4453,20169,en
Little Children,2006,Drama,https://www.themoviedb.org/movie/1440,https://www.youtube.com/watch?v=xiuWqJK0IFw,18.1518,1080,en
The Next 365 Days,2022,Drama,https://www.themoviedb.org/movie/829560,https://www.youtube.com/watch?v=iXdw5wYI4cY,19.2471,1260,pl
Cinderella,2015,Drama,https://www.themoviedb.org/movie/150689,https://www.youtube.com/watch?v=n44EWI92Tc8,18.6974,7244,en
All of You,2025,Drama,https://www.themoviedb.org/movie/1319965,https://www.youtube.com/watch?v=RnYEi3bDCcc,18.2848,84,en
Stockholm Bloodbath,2024,Drama,https://www.themoviedb.org/movie/1051486,https://www.youtube.com/watch?v=UzUx3idEx-k,19.4626,35,en
The Green Mile,1999,Drama,https://www.themoviedb.org/movie/497,https://www.youtube.com/watch?v=Bg7epsq0OIQ,19.0462,18481,en
Swiped,2025,Drama,https://www.themoviedb.org/movie/1265344,https://www.youtube.com/watch?v=8seUGDLZRIo,18.5811,104,en
The Dark Knight Rises,2012,Drama,https://www.themoviedb.org/movie/49026,https://www.youtube.com/watch?v=GAjBzu8ggi0,18.129,23648,en
Edward Scissorhands,1990,Drama,https://www.themoviedb.org/movie/162,https://www.youtube.com/watch?v=S8bBjpUBbro,19.1235,13384,en
The Handmaiden,2016,Drama,https://www.themoviedb.org/movie/290098,https://www.youtube.com/watch?v=wYsdzNIcJNc,19.8589,4066,ko
The Map That Leads to You,2025,Drama,https://www.themoviedb.org/movie/1312946,https://www.youtube.com/watch?v=FK9BQm471c0,19.5998,237,en
The Truman Show,1998,Drama,https://www.themoviedb.org/movie/37165,https://www.youtube.com/watch?v=N1VlDVRiFrk,18.8247,19427,en
Sorority,2025,Drama,https://www.themoviedb.org/movie/1477114,https://www.youtube.com/watch?v=6eYO4FQWyQg,18.3776,6,tl
Inglourious Basterds,2009,Drama,https://www.themoviedb.org/movie/16869,https://www.youtube.com/watch?v=uSEDz-my7XQ,18.878,23337,en
The Ritual,2025,Drama,https://www.themoviedb.org/movie/1278950,https://www.youtube.com/watch?v=Y8zUTpO3JAo,17.8519,227,en
Downton Abbey: The Grand Finale,2025,Drama,https://www.themoviedb.org/movie/1289936,https://www.youtube.com/watch?v=P_30wFRxlnA,17.9458,118,en
STRAW,2025,Drama,https://www.themoviedb.org/movie/1426776,https://www.youtube.com/watch?v=k1vWhii4tkE,17.0967,855,en
Baaghi 4,2025,Drama,https://www.themoviedb.org/movie/758923,https://www.youtube.com/watch?v=58909OjAfeg,17.2218,9,hi
Hacksaw Ridge,2016,Drama,https://www.themoviedb.org/movie/324786,https://www.youtube.com/watch?v=s2-1hz1juBI,17.5229,14381,en
The Lion King,1994,Drama,https://www.themoviedb.org/movie/8587,https://www.youtube.com/watch?v=lFzVJEksoDY,18.0285,19110,en
Twittering Birds Never Fly: The Clouds Gather,2020,Drama,https://www.themoviedb.org/movie/650498,https://www.youtube.com/watch?v=JbAjlysKdic,18.0554,33,ja
Prisoners,2013,Drama,https://www.themoviedb.org/movie/146233,https://www.youtube.com/watch?v=doPNgss-ntc,17.9452,12522,en
Apocalypto,2006,Drama,https://www.themoviedb.org/movie/1579,https://www.youtube.com/watch?v=gSw5l5jMnPM,17.0599,5926,en
Inside Out,2015,Drama,https://www.themoviedb.org/movie/150540,https://www.youtube.com/watch?v=1HFv47QHWJU,18.0759,22883,en
Schindler's List,1993,Drama,https://www.themoviedb.org/movie/424,https://www.youtube.com/watch?v=v0RB-3sWbBA,17.7931,16808,en
William Tell,2025,Drama,https://www.themoviedb.org/movie/1195631,https://www.youtube.com/watch?v=dex9bWjroao,17.5402,165,en
Blade Runner 2049,2017,Drama,https://www.themoviedb.org/movie/335984,https://www.youtube.com/watch?v=geFtxCSz8xI,17.2513,14492,en
Edge of Darkness,2010,Drama,https://www.themoviedb.org/movie/12201,https://www.youtube.com/watch?v=hVOH8xrCI9I,17.086,1617,en
Don't Let's Go to the Dogs Tonight,2025,Drama,https://www.themoviedb.org/movie/1319972,https://www.youtube.com/watch?v=WoDuyG6jLyA,17.8802,9,en
Batman Begins,2005,Drama,https://www.themoviedb.org/movie/272,https://www.youtube.com/watch?v=lirBhHXvDSg,17.5942,21910,en
Joker,2019,Drama,https://www.themoviedb.org/movie/475557,https://www.youtube.com/watch?v=-RFFRxcoKfA,17.5607,26918,en
Oldboy,2003,Drama,https://www.themoviedb.org/movie/670,https://www.youtube.com/watch?v=tAaBkFChaRg,15.3369,9308,ko
East of Wall,2025,Drama,https://www.themoviedb.org/movie/1398911,https://www.youtube.com/watch?v=NwGEF8B6Bcw,15.8418,6,en
Django Unchained,2012,Drama,https://www.themoviedb.org/movie/68718,https://www.youtube.com/watch?v=_iH0UBYDI4g,15.6567,27183,en
Shutter Island,2010,Drama,https://www.themoviedb.org/movie/11324,https://www.youtube.com/watch?v=qdPw9x9h5CY,15.9372,24986,en
Whiplash,2014,Drama,https://www.themoviedb.org/movie/244786,https://www.youtube.com/watch?v=Q7kZy3T6vRM,16.556,16004,en
All Shall Be Well,2024,Drama,https://www.themoviedb.org/movie/1157680,https://www.youtube.com/watch?v=i9SLP5J7X8I,16.3737,26,cn
Dead Poets Society,1989,Drama,https://www.themoviedb.org/movie/207,https://www.youtube.com/watch?v=s_jsDreXFZU,16.7582,11992,en
Kingdom of the Planet of the Apes,2024,Drama,https://www.themoviedb.org/movie/653346,https://www.youtube.com/watch?v=Tg1FesR8X90,16.8404,3940,en
Sitaare Zameen Par,2025,Drama,https://www.themoviedb.org/movie/1190511,https://www.youtube.com/watch?v=YH6k5weqwy8,15.9313,27,hi
Scarface,1983,Drama,https://www.themoviedb.org/movie/111,https://www.youtube.com/watch?v=lZMIrD36MG8,16.3466,12529,en
COLORFUL STAGE! The Movie: A Miku Who Can't Sing,2025,Drama,https://www.themoviedb.org/movie/1322752,https://www.youtube.com/watch?v=3bD1dfiRMu4,15.2536,14,ja
The Devil's Advocate,1997,Drama,https://www.themoviedb.org/movie/1813,https://www.youtube.com/watch?v=etrZJJC4ox8,16.4733,6454,en
The Help,2011,Drama,https://www.themoviedb.org/movie/50014,https://www.youtube.com/watch?v=3eajzW3XW7Q,15.6928,8728,en
Big Brother,2018,Drama,https://www.themoviedb.org/movie/504056,https://www.youtube.com/watch?v=7Fm6WFrhRKs,15.5533,185,zh
Fate/stay night: Heaven's Feel III. Spring Song,2020,Drama,https://www.themoviedb.org/movie/390635,https://www.youtube.com/watch?v=GTA20VJeyYk,15.5454,190,ja
Through My Window,2022,Drama,https://www.themoviedb.org/movie/818647,https://www.youtube.com/watch?v=_zxhK3Z-R0c,15.9911,3272,es
GoodFellas,1990,Drama,https://www.themoviedb.org/movie/769,https://www.youtube.com/watch?v=PTBRNXGQR9Q,16.3479,13727,en
Good Will Hunting,1997,Drama,https://www.themoviedb.org/movie/489,https://www.youtube.com/watch?v=ReIJ1lbL-Q8,16.1031,13204,en
Mary Shelley's Frankenstein,1994,Drama,https://www.themoviedb.org/movie/3036,https://www.youtube.com/watch?v=ZkZAPkKDd9I,14.7076,1289,en
The Life of Chuck,2025,Drama,https://www.themoviedb.org/movie/842924,https://www.youtube.com/watch?v=jlN1Mmj6YNo,14.7381,503,en
Me Before You,2016,Drama,https://www.themoviedb.org/movie/296096,https://www.youtube.com/watch?v=T0MmkG_nG1U,15.0347,12860,en
The Smashing Machine,2025,Drama,https://www.themoviedb.org/movie/760329,https://www.youtube.com/watch?v=u4A8zfMClCM,14.6977,68,en
Apocalypse Z: The Beginning of the End,2024,Drama,https://www.themoviedb.org/movie/1118031,https://www.youtube.com/watch?v=ZOSw6sx43fA,14.7766,1158,es
Presence,2025,Drama,https://www.themoviedb.org/movie/1140535,https://www.youtube.com/watch?v=Ay4MJZH6_K8,14.5329,557,en
After We Collided,2020,Drama,https://www.themoviedb.org/movie/613504,https://www.youtube.com/watch?v=2SvwX3ux_-8,14.5854,5408,en
LÃ©on: The Professional,1994,Drama,https://www.themoviedb.org/movie/101,https://www.youtube.com/watch?v=DD-6bmOY__g,14.6178,15520,fr
Heat,1995,Drama,https://www.themoviedb.org/movie/949,https://www.youtube.com/watch?v=14oNcFxiVaQ,14.6091,7867,en
The Sixth Sense,1999,Drama,https://www.themoviedb.org/movie/745,https://www.youtube.com/watch?v=HXG4HTIlc1U,15.046,12330,en
After the Hunt,2025,Drama,https://www.themoviedb.org/movie/1265063,https://www.youtube.com/watch?v=sCC7iIMHq2U,14.6936,94,en
Nightcrawler,2014,Drama,https://www.themoviedb.org/movie/242582,https://www.youtube.com/watch?v=7uaYhPpV7G4,15.0658,11295,en
The Imitation Game,2014,Drama,https://www.themoviedb.org/movie/205596,https://www.youtube.com/watch?v=j2jRs4EAvWM,15.1788,17599,en
Catch Me If You Can,2002,Drama,https://www.themoviedb.org/movie/640,https://www.youtube.com/watch?v=71rDQ7z4eFg,14.5818,16452,en
Boyka: Undisputed IV,2016,Drama,https://www.themoviedb.org/movie/348893,https://www.youtube.com/watch?v=Lo-OXY1iXVU,14.6832,1404,en
The Ultimate Life,2013,Drama,https://www.themoviedb.org/movie/195757,https://www.youtube.com/watch?v=7C_ghciPnco,14.679,82,en
Real Steel,2011,Drama,https://www.themoviedb.org/movie/39254,https://www.youtube.com/watch?v=obYuPJH2oTE,14.8904,8789,en
Holy Night: Demon Hunters,2025,Thriller,https://www.themoviedb.org/movie/793387,https://www.youtube.com/watch?v=0l35oxLd1UI,119.341,60,ko
My Fault,2023,Thriller,https://www.themoviedb.org/movie/1010581,https://www.youtube.com/watch?v=xY-qRGC6Yu0,143.574,3889,es
Marco,2024,Thriller,https://www.themoviedb.org/movie/1186350,https://www.youtube.com/watch?v=4VQdzTv8E-g,104.3495,78,ml
Pets on a Train,2025,Thriller,https://www.themoviedb.org/movie/1107216,https://www.youtube.com/watch?v=QH8V0wpg18A,106.7903,7,fr
The Astronaut,2025,Thriller,https://www.themoviedb.org/movie/1086260,https://www.youtube.com/watch?v=cF3gdVOT6gQ,101.1032,57,en
The Hand That Rocks the Cradle,2025,Thriller,https://www.themoviedb.org/movie/1362315,https://www.youtube.com/watch?v=A0SFXzNMthc,117.721,34,en
The Strangers: Chapter 2,2025,Thriller,https://www.themoviedb.org/movie/1010756,https://www.youtube.com/watch?v=_d55K72DoKg,100.3807,86,en
Nobody 2,2025,Thriller,https://www.themoviedb.org/movie/1007734,https://www.youtube.com/watch?v=UGOvEad8qd4,57.1449,880,en
Dead of Winter,2025,Thriller,https://www.themoviedb.org/movie/1235746,https://www.youtube.com/watch?v=klGRM4Qs-gk,41.9992,47,en
Prisoner of War,2025,Thriller,https://www.themoviedb.org/movie/1328803,https://www.youtube.com/watch?v=mKFL8CMoCVk,72.2462,96,en
War 2,2025,Thriller,https://www.themoviedb.org/movie/1109086,https://www.youtube.com/watch?v=d1wsPSV_lQs,86.9266,37,hi
Valiant One,2025,Thriller,https://www.themoviedb.org/movie/1009640,https://www.youtube.com/watch?v=rfXpM39HeZM,65.1843,63,en
Goldilocks and the Three Bears: Death & Porridge,2024,Thriller,https://www.themoviedb.org/movie/1186274,https://www.youtube.com/watch?v=x3s7uCRNwIg,43.441,12,en
V/H/S/Halloween,2025,Thriller,https://www.themoviedb.org/movie/1373445,https://www.youtube.com/watch?v=l8XxoeV5LRU,50.3056,104,en
Ballerina,2025,Thriller,https://www.themoviedb.org/movie/541671,https://www.youtube.com/watch?v=b9Rr9ygb-ac,46.7292,1907,en
Mission: Impossible - The Final Reckoning,2025,Thriller,https://www.themoviedb.org/movie/575265,https://www.youtube.com/watch?v=G1VBfMCZVkw,95.2279,2014,en
Good Boy,2025,Thriller,https://www.themoviedb.org/movie/1422096,https://www.youtube.com/watch?v=q4-CRkd_74g,70.7889,163,en
Black Mold,2025,Thriller,https://www.themoviedb.org/movie/949855,https://www.youtube.com/watch?v=N1E9bPO3mwc,91.4166,8,en
The Woman in Cabin 10,2025,Thriller,https://www.themoviedb.org/movie/1290879,https://www.youtube.com/watch?v=1QbfJzTPY4w,64.0299,491,en
One Battle After Another,2025,Thriller,https://www.themoviedb.org/movie/1054867,https://www.youtube.com/watch?v=kQUPdVxZNPk,60.9488,1030,en
Bone Lake,2025,Thriller,https://www.themoviedb.org/movie/1330421,https://www.youtube.com/watch?v=SOVT2ServZE,71.5728,20,en
The Black Phone,2022,Thriller,https://www.themoviedb.org/movie/756999,https://www.youtube.com/watch?v=nQWAVkx8O74,66.3936,5402,en
Eden,2025,Thriller,https://www.themoviedb.org/movie/1042834,https://www.youtube.com/watch?v=N7qYSKw8JkQ,60.6238,308,en
Mantis,2025,Thriller,https://www.themoviedb.org/movie/1267319,https://www.youtube.com/watch?v=PItlVyrf15U,64.4221,91,ko
The Lost Bus,2025,Thriller,https://www.themoviedb.org/movie/1236470,https://www.youtube.com/watch?v=kQFiO88d_gk,34.8996,385,en
Vicious,2025,Thriller,https://www.themoviedb.org/movie/1251717,https://www.youtube.com/watch?v=tSx8ubSBFN8,40.7046,125,en
Striking Rescue,2024,Thriller,https://www.themoviedb.org/movie/1382406,https://www.youtube.com/watch?v=uXfzJb-IUrk,33.9087,133,zh
The Prank,2024,Thriller,https://www.themoviedb.org/movie/934201,https://www.youtube.com/watch?v=OrFl-CNHsu4,31.1958,13,en
M3GAN 2.0,2025,Thriller,https://www.themoviedb.org/movie/1071585,https://www.youtube.com/watch?v=1FeiTZMtwLA,41.0027,937,en
The Gorge,2025,Thriller,https://www.themoviedb.org/movie/950396,https://www.youtube.com/watch?v=rUSdnuOLebE,34.7416,3113,en
Fast X,2023,Thriller,https://www.themoviedb.org/movie/385687,https://www.youtube.com/watch?v=eoOaKN4qCKw,27.7533,6085,en
It,2017,Thriller,https://www.themoviedb.org/movie/346364,https://www.youtube.com/watch?v=xKJmEC5ieOk,28.8302,19698,en
Heads of State,2025,Thriller,https://www.themoviedb.org/movie/749170,https://www.youtube.com/watch?v=f70LlXPC7VI,28.0549,811,en
Sinners,2025,Thriller,https://www.themoviedb.org/movie/1233413,https://www.youtube.com/watch?v=l2h2lC0vlX4,29.6524,2778,en
The Maze Runner,2014,Thriller,https://www.themoviedb.org/movie/198663,https://www.youtube.com/watch?v=3b946aGm0zs,36.0945,17648,en
Bambi: The Reckoning,2025,Thriller,https://www.themoviedb.org/movie/1049942,https://www.youtube.com/watch?v=9Y_pZ3uXreM,38.2464,70,en
28 Years Later,2025,Thriller,https://www.themoviedb.org/movie/1100988,https://www.youtube.com/watch?v=IYGG55qwQZQ,28.821,1636,en
Forgive Me Father,2024,Thriller,https://www.themoviedb.org/movie/1364992,https://www.youtube.com/watch?v=ycXo9YHKkxM,41.5144,13,ru
The Dark Knight,2008,Thriller,https://www.themoviedb.org/movie/155,https://www.youtube.com/watch?v=vbjYVETxZqM,32.0503,34603,en
Night of the Reaper,2025,Thriller,https://www.themoviedb.org/movie/1502943,https://www.youtube.com/watch?v=yID7jDK0HYA,34.7493,13,en
Good News,2025,Thriller,https://www.themoviedb.org/movie/1296404,https://www.youtube.com/watch?v=YkyzNk-UJ4o,34.3199,26,ko
It Chapter Two,2019,Thriller,https://www.themoviedb.org/movie/474350,https://www.youtube.com/watch?v=xhJ5P7Up3jA,32.3281,9149,en
A Working Man,2025,Thriller,https://www.themoviedb.org/movie/1197306,https://www.youtube.com/watch?v=mdfrG2cLK58,35.2844,1614,en
Ice Road: Vengeance,2025,Thriller,https://www.themoviedb.org/movie/1119878,https://www.youtube.com/watch?v=K6lJh9ADfbQ,41.6141,494,en
Kraven the Hunter,2024,Thriller,https://www.themoviedb.org/movie/539972,https://www.youtube.com/watch?v=hR1-ihzff3I,22.0566,2074,en
Eenie Meanie,2025,Thriller,https://www.themoviedb.org/movie/1151334,https://www.youtube.com/watch?v=qH6SqkWS9WA,24.8917,231,en
I Know What You Did Last Summer,2025,Thriller,https://www.themoviedb.org/movie/1083433,https://www.youtube.com/watch?v=IceTkSOSNJI,25.5233,498,en
Road House,2024,Thriller,https://www.themoviedb.org/movie/359410,https://www.youtube.com/watch?v=Y0ZsLudtfjI,22.0848,2736,en
Parasite,2019,Thriller,https://www.themoviedb.org/movie/496243,https://www.youtube.com/watch?v=bM9QabAojCg,22.7018,19637,ko
Demon Slayer -Kimetsu no Yaiba- The Movie: Mugen Train,2020,Thriller,https://www.themoviedb.org/movie/635302,https://www.youtube.com/watch?v=eLq-cX0BlGQ,25.2815,4299,ja
The Conjuring,2013,Thriller,https://www.themoviedb.org/movie/138843,https://www.youtube.com/watch?v=k10ETZ41q5o,27.5569,12289,en
The AccountantÂ²,2025,Thriller,https://www.themoviedb.org/movie/870028,https://www.youtube.com/watch?v=RwXDphhQ9Tg,25.4163,1438,en
The Perfect Neighbor,2025,Thriller,https://www.themoviedb.org/movie/1400782,https://www.youtube.com/watch?v=fNp85HGJtoo,21.5165,83,en
Se7en,1995,Thriller,https://www.themoviedb.org/movie/807,https://www.youtube.com/watch?v=KPOuJGkpblk,21.6941,22223,en
Captain America: Brave New World,2025,Thriller,https://www.themoviedb.org/movie/822119,https://www.youtube.com/watch?v=5PSzFLV-EyQ,22.2458,2710,en
I.S.S.,2024,Thriller,https://www.themoviedb.org/movie/790462,https://www.youtube.com/watch?v=BywoLxuBgT0,21.3725,325,en
The Shadow's Edge,2025,Thriller,https://www.themoviedb.org/movie/1419406,https://www.youtube.com/watch?v=xvmADAJOoCg,23.7803,35,zh
Predator: Killer of Killers,2025,Thriller,https://www.themoviedb.org/movie/1376434,https://www.youtube.com/watch?v=fbddYji1F8s,23.5652,902,en
Wrath of Man,2021,Thriller,https://www.themoviedb.org/movie/637649,https://www.youtube.com/watch?v=wo1kO8m2Nik,25.0922,5790,en
Companion,2025,Thriller,https://www.themoviedb.org/movie/1084199,https://www.youtube.com/watch?v=Qr_kX0D3DNA,23.532,1798,en
Gunman,2025,Thriller,https://www.themoviedb.org/movie/1450529,https://www.youtube.com/watch?v=nP7xe8ZymNs,23.1041,11,es
Terrifier 3,2024,Thriller,https://www.themoviedb.org/movie/1034541,https://www.youtube.com/watch?v=0EDDtgWnSeY,22.4777,1767,en
Fifty Shades of Grey,2015,Thriller,https://www.themoviedb.org/movie/216015,https://www.youtube.com/watch?v=6FDTMRK7-24,25.4198,12142,en
She Walks in Darkness,2025,Thriller,https://www.themoviedb.org/movie/1275151,https://www.youtube.com/watch?v=fhTkCde7E8I,26.489,53,es
Caught Stealing,2025,Thriller,https://www.themoviedb.org/movie/1245993,https://www.youtube.com/watch?v=6mIvD-GN-p4,20.1488,466,en
The Amateur,2025,Thriller,https://www.themoviedb.org/movie/1087891,https://www.youtube.com/watch?v=DCWcK4c-F8Q,20.735,1293,en
The Conjuring: The Devil Made Me Do It,2021,Thriller,https://www.themoviedb.org/movie/423108,https://www.youtube.com/watch?v=tLFnRAzcaEc,21.1693,6305,en
John Wick: Chapter 4,2023,Thriller,https://www.themoviedb.org/movie/603692,https://www.youtube.com/watch?v=yjRHZEUamCc,19.822,7447,en
Predator,1987,Thriller,https://www.themoviedb.org/movie/106,https://www.youtube.com/watch?v=SFoQL6gqhFM,20.4663,8598,en
Clown in a Cornfield,2025,Thriller,https://www.themoviedb.org/movie/713364,https://www.youtube.com/watch?v=e69AWLED77w,20.857,382,en
Inglourious Basterds,2009,Thriller,https://www.themoviedb.org/movie/16869,https://www.youtube.com/watch?v=uSEDz-my7XQ,18.878,23337,en
The Batman,2022,Thriller,https://www.themoviedb.org/movie/414906,https://www.youtube.com/watch?v=vc7_mH2PWHs,20.5839,11322,en
Opus,2025,Thriller,https://www.themoviedb.org/movie/1202479,https://www.youtube.com/watch?v=Xh8U3nIFd5I,20.413,159,en
Gone Girl,2014,Thriller,https://www.themoviedb.org/movie/210577,https://www.youtube.com/watch?v=2-_-1nJf8Vg,20.7383,19364,en
Nobody,2021,Thriller,https://www.themoviedb.org/movie/615457,https://www.youtube.com/watch?v=wZti8QKBWPo,18.7861,7823,en
Trust,2025,Thriller,https://www.themoviedb.org/movie/1244953,https://www.youtube.com/watch?v=UgalwGXCAFs,21.0691,44,en
Hostile Takeover,2025,Thriller,https://www.themoviedb.org/movie/1319895,https://www.youtube.com/watch?v=zie6QBbTK5s,18.8059,30,en
Lembayung,2024,Thriller,https://www.themoviedb.org/movie/1164355,https://www.youtube.com/watch?v=kTcW8zqnRFI,19.1721,10,id
The Equalizer,2014,Thriller,https://www.themoviedb.org/movie/156022,https://www.youtube.com/watch?v=BP_FwE0Z7no,18.9617,9547,en
Highest 2 Lowest,2025,Thriller,https://www.themoviedb.org/movie/1242434,https://www.youtube.com/watch?v=Sh8yqcozfn8,19.8663,325,en
Fight Club,1999,Thriller,https://www.themoviedb.org/movie/550,https://www.youtube.com/watch?v=dfeUzm6KF4g,20.8587,30916,en
Pulp Fiction,1994,Thriller,https://www.themoviedb.org/movie/680,https://www.youtube.com/watch?v=tGpTpVyI_OQ,19.5769,29203,en
The Handmaiden,2016,Thriller,https://www.themoviedb.org/movie/290098,https://www.youtube.com/watch?v=wYsdzNIcJNc,19.8589,4066,ko
The Hunger Games: Mockingjay - Part 1,2014,Thriller,https://www.themoviedb.org/movie/131631,https://www.youtube.com/watch?v=IXshQ5mv1K8,17.7919,16347,en
The Dark Knight Rises,2012,Thriller,https://www.themoviedb.org/movie/49026,https://www.youtube.com/watch?v=GAjBzu8ggi0,18.129,23648,en
The Veteran,2011,Thriller,https://www.themoviedb.org/movie/70196,https://www.youtube.com/watch?v=TFpG0IJnb5g,17.5863,129,en
Baaghi 4,2025,Thriller,https://www.themoviedb.org/movie/758923,https://www.youtube.com/watch?v=58909OjAfeg,17.2218,9,hi
Fall for Me,2025,Thriller,https://www.themoviedb.org/movie/1300116,https://www.youtube.com/watch?v=pgu-BsBV-2I,17.7953,144,de
Dangerous Animals,2025,Thriller,https://www.themoviedb.org/movie/1285965,https://www.youtube.com/watch?v=WR2btzjmmuc,17.1683,308,en
Exit 8,2025,Thriller,https://www.themoviedb.org/movie/1408208,https://www.youtube.com/watch?v=emZZexEJO8c,17.6049,65,ja
The Beekeeper,2024,Thriller,https://www.themoviedb.org/movie/866398,https://www.youtube.com/watch?v=CHKn-yDCE2w,17.2125,3840,en
Strange Darling,2024,Thriller,https://www.themoviedb.org/movie/1029281,https://www.youtube.com/watch?v=F_F3f_Fqtrc,17.7984,748,en
Prisoners,2013,Thriller,https://www.themoviedb.org/movie/146233,https://www.youtube.com/watch?v=doPNgss-ntc,17.9452,12522,en
Taken 3,2014,Thriller,https://www.themoviedb.org/movie/260346,https://www.youtube.com/watch?v=JuU0M2xBasc,17.4176,5966,en
Train to Busan,2016,Thriller,https://www.themoviedb.org/movie/396535,https://www.youtube.com/watch?v=0_sV9luPnMk,17.9249,8016,ko
The Shining,1980,Thriller,https://www.themoviedb.org/movie/694,https://www.youtube.com/watch?v=FZQvIJxG9Xs,18.4051,18277,en
STRAW,2025,Thriller,https://www.themoviedb.org/movie/1426776,https://www.youtube.com/watch?v=k1vWhii4tkE,17.0967,855,en
Get Fast,2024,Thriller,https://www.themoviedb.org/movie/1369679,https://www.youtube.com/watch?v=9yBlJjqhmYU,17.7887,31,en
The Ritual,2025,Thriller,https://www.themoviedb.org/movie/1278950,https://www.youtube.com/watch?v=Y8zUTpO3JAo,17.8519,227,en
Joker,2019,Thriller,https://www.themoviedb.org/movie/475557,https://www.youtube.com/watch?v=-RFFRxcoKfA,17.5607,26918,en
Shutter Island,2010,Thriller,https://www.themoviedb.org/movie/11324,https://www.youtube.com/watch?v=qdPw9x9h5CY,15.9372,24986,en
Now You See Me,2013,Thriller,https://www.themoviedb.org/movie/75656,https://www.youtube.com/watch?v=DaavRAV8a0A,16.6124,16092,en
A Line of Fire,2025,Thriller,https://www.themoviedb.org/movie/1367575,https://www.youtube.com/watch?v=H3nT838DEno,16.4269,47,en
Anaconda,2024,Thriller,https://www.themoviedb.org/movie/1252428,https://www.youtube.com/watch?v=icDxdOgJaXc,16.107,110,zh
Terrifier 2,2022,Thriller,https://www.themoviedb.org/movie/663712,https://www.youtube.com/watch?v=x5DhuDSArTI,16.9691,2357,en
Edge of Darkness,2010,Thriller,https://www.themoviedb.org/movie/12201,https://www.youtube.com/watch?v=hVOH8xrCI9I,17.086,1617,en
Mission: Impossible - Dead Reckoning Part One,2023,Thriller,https://www.themoviedb.org/movie/575264,https://www.youtube.com/watch?v=HurjfO_TDlQ,15.5253,4691,en
Drag Me to Hell,2009,Thriller,https://www.themoviedb.org/movie/16871,https://www.youtube.com/watch?v=PPOaxHqoYxo,15.1686,3902,en
The Terminator,1984,Thriller,https://www.themoviedb.org/movie/218,https://www.youtube.com/watch?v=nGrW-OR2uDk,15.5685,13936,en
Bad Boys: Ride or Die,2024,Thriller,https://www.themoviedb.org/movie/573435,https://www.youtube.com/watch?v=uWLNl_KQCAU,16.6514,3093,en
The Imitation Game,2014,Thriller,https://www.themoviedb.org/movie/205596,https://www.youtube.com/watch?v=j2jRs4EAvWM,15.1788,17599,en
Flight Risk,2025,Thriller,https://www.themoviedb.org/movie/1126166,https://www.youtube.com/watch?v=uaodj8Myt3A,16.7633,990,en
John Wick: Chapter 2,2017,Thriller,https://www.themoviedb.org/movie/324552,https://www.youtube.com/watch?v=LZrX9mffH8Y,15.7358,13754,en
Elevation,2024,Thriller,https://www.themoviedb.org/movie/1035048,https://www.youtube.com/watch?v=N7pZthBBLOA,15.0991,822,en
28 Days Later,2002,Thriller,https://www.themoviedb.org/movie/170,https://www.youtube.com/watch?v=mWEhfF27O0c,16.0265,7923,en
Oldboy,2003,Thriller,https://www.themoviedb.org/movie/670,https://www.youtube.com/watch?v=tAaBkFChaRg,15.3369,9308,ko
Abigail,2024,Thriller,https://www.themoviedb.org/movie/1111873,https://www.youtube.com/watch?v=xtAL2x58hns,16.0697,1747,en
Kingdom of the Planet of the Apes,2024,Thriller,https://www.themoviedb.org/movie/653346,https://www.youtube.com/watch?v=Tg1FesR8X90,16.8404,3940,en
After the Hunt,2025,Thriller,https://www.themoviedb.org/movie/1265063,https://www.youtube.com/watch?v=sCC7iIMHq2U,14.6936,94,en
Havoc,2025,Thriller,https://www.themoviedb.org/movie/668489,https://www.youtube.com/watch?v=6txjTWLoSc8,14.49,1043,en
